first_name,last_name,email,account_number,street_address,city,state,zip_code
Krisha,Fabbro,kfabbro0@deliciousdays.com,497ff00e-c576-4115-873e-149d82348218,71 Park Meadow Street,Cincinnati,OH,45228
Alexei,Fidal,afidal1@tinyurl.com,5e6b8581-62e6-4be4-a6f4-eddbd9eecfb6,3 Burrows Trail,Savannah,GA,31405
Filide,Nazaret,fnazaret2@timesonline.co.uk,d9ef3308-ba22-412e-9e72-e3e3c005befb,6 Dawn Place,Hartford,CT,6160
Mozelle,Pernell,mpernell3@nps.gov,2984d548-176f-4ada-b3a3-7e4906d71b94,2837 7th Terrace,Las Vegas,NV,89125
Pat,McIndoe,pmcindoe4@linkedin.com,93fc4c0f-910c-4135-83db-93358e2db7fa,0 Helena Plaza,San Francisco,CA,94132
Vivian,Jarville,vjarville5@lycos.com,bf3c746b-e1f5-486f-bcfe-3dd7671a18a0,53205 Graedel Pass,Decatur,GA,30089
Glennie,Westcarr,gwestcarr6@google.ru,855dbcd0-54f2-4e42-89e9-93d4e7fb8893,6 Elka Terrace,Akron,OH,44329
Northrup,Shackell,nshackell7@linkedin.com,12b56b46-5f99-4026-a778-fb6857eace4d,8 Corry Drive,Fort Worth,TX,76147
Lenore,Witchell,lwitchell8@live.com,6d065eee-b999-4ba9-a1da-47fc94f6a1a7,83 Union Avenue,Sacramento,CA,95865
Brandon,Strugnell,bstrugnell9@kickstarter.com,549dc826-104c-4f39-aaec-81a5d736f570,41 Carioca Circle,Brooklyn,NY,11231
Nikkie,Hadenton,nhadentona@angelfire.com,4f0ecbd4-e483-44af-b4a2-1a206cf714ee,26805 Laurel Parkway,Kansas City,KS,66105
Olivette,Avrahamoff,oavrahamoffb@phoca.cz,fb9bdf77-3793-4c5a-bed3-b5189e30998f,3 Hoard Alley,Akron,OH,44321
Alf,Hachette,ahachettec@is.gd,fcfc3062-dbf7-4f25-ba74-73c713803fa3,468 Gateway Pass,Arlington,TX,76011
Gloriana,Beinke,gbeinked@msn.com,8c40dd68-3b28-4f23-86a4-e28924bc767c,90 Welch Terrace,Amarillo,TX,79105
Deonne,Markus,dmarkuse@wikispaces.com,bf909592-34e4-4328-b425-e8619f7b6d12,80498 Dunning Center,Saint Cloud,MN,56398
Kissiah,Fetherston,kfetherstonf@zdnet.com,167b5fe1-ed2c-428f-905b-6ef50f6f6e87,9741 Gale Place,Los Angeles,CA,90189
Amie,Hryskiewicz,ahryskiewiczg@t-online.de,647bfbcd-e7aa-4602-8863-d6146ec6105d,7 American Ash Point,Memphis,TN,38168
Ferdie,Bleas,fbleash@ebay.com,392d6ff5-5d1d-48fc-bb57-e56c1ea81c88,221 Bultman Circle,Brockton,MA,2405
Buiron,Orrey,borreyi@geocities.com,2fbf7fdd-1d06-421b-9646-7e7458a6a45d,9 Northwestern Street,Miami,FL,33169
Spike,Patmore,spatmorej@webeden.co.uk,5045bc0c-4023-4af6-ade7-932f27db4a64,59820 Westend Way,Seminole,FL,34642
Remington,Singers,rsingersk@symantec.com,11e29756-9a52-4b3c-9826-b47442a0445e,9529 Jenna Circle,Arlington,TX,76096
Padget,Bignal,pbignall@google.com.br,10bb77da-9efe-4aa6-8412-e7eb8752e649,11959 Helena Crossing,Cleveland,OH,44125
Aimee,Brien,abrienm@usgs.gov,6edbc201-d661-46eb-ada1-bf10802fbd32,0313 Vidon Court,Springfield,MA,1114
Morton,Woodhams,mwoodhamsn@theglobeandmail.com,e7a31f01-bf03-4d92-a377-5139553d1683,75 Oak Valley Junction,West Palm Beach,FL,33421
Louis,Geffe,lgeffeo@walmart.com,dfd86473-7055-4bcb-b48c-08702748ca90,4765 Redwing Lane,Huntington Beach,CA,92648
Preston,Feldman,pfeldmanp@whitehouse.gov,8e47f869-9c89-45b8-bcd5-6d47bd3c3439,4 Prentice Pass,Garden Grove,CA,92645
Dannel,Pettegre,dpettegreq@jigsy.com,181b7cd7-8162-4463-b828-e209e5cd2dbb,099 Westerfield Avenue,Cleveland,OH,44191
Farrel,Biers,fbiersr@trellian.com,a151976f-1366-4ae9-89a9-f7e7bf53412c,59860 Arrowood Court,Tuscaloosa,AL,35487
Tresa,Boreham,tborehams@ftc.gov,e82e7ad7-c109-4ce7-b451-0dc5dbb1b70e,74950 Arkansas Street,Charlotte,NC,28220
Clyve,Adamson,cadamsont@360.cn,e97e3402-0ad4-4535-9ade-16a41dd84bfa,13824 Brown Crossing,Des Moines,IA,50347
Ilise,Dudbridge,idudbridgeu@bigcartel.com,1c349af5-2a45-4ab5-a5ab-4305a2987992,3 Cascade Parkway,Reno,NV,89550
Anton,Pond-Jones,apondjonesv@wisc.edu,aebc9ed5-b678-480d-ab1c-730bd34b7d72,2 Comanche Lane,Boynton Beach,FL,33436
Yankee,Burgon,yburgonw@spotify.com,23046db7-abed-4baf-8590-ddd0cc201a07,9 Melby Way,New York City,NY,10019
Antonino,Hawksby,ahawksbyx@whitehouse.gov,13a1445c-dae4-4194-8827-321557618366,581 Kensington Crossing,Birmingham,AL,35236
Daffy,MacNeill,dmacneilly@wp.com,f1382035-8523-48a7-9a50-d20f4485ae92,11 Maywood Avenue,Tulsa,OK,74193
Torrin,Pendreigh,tpendreighz@hud.gov,b2e96176-eed2-4d3d-9d2a-877309bf25ee,4 Lotheville Center,Miami,FL,33164
Ekaterina,Davidovitch,edavidovitch10@tamu.edu,96cb9895-9152-4b0a-990d-8ec2facc731d,46515 Ryan Way,Fort Lauderdale,FL,33310
Arlinda,Crawford,acrawford11@ezinearticles.com,7ef42e97-16d9-4a87-a835-2840e24a262d,78386 Sugar Court,Indianapolis,IN,46247
Patsy,Rimell,primell12@tripadvisor.com,ad487596-b4a0-4447-890f-60bc175a73e2,1 Hoffman Place,San Antonio,TX,78260
Zonda,Blencoe,zblencoe13@goodreads.com,9a8b2c83-02f9-418c-b2f3-ec6e782530b3,9833 Village Crossing,Scottsdale,AZ,85271
Claudian,Forrington,cforrington14@myspace.com,9127d9be-14ca-418c-bc3f-000497d6cda1,7762 Bonner Hill,Houston,TX,77065
Bentlee,Prigmore,bprigmore15@yahoo.co.jp,356f38ad-a940-4195-b3c8-8c95ac4c1420,0048 Kennedy Street,Lynchburg,VA,24503
Justus,Fleckno,jfleckno16@sciencedirect.com,9d6c229a-8893-4c7c-8745-c99fd818cab7,0 Hoard Center,Farmington,MI,48335
Oberon,Morrid,omorrid17@sbwire.com,53ac6fa4-d1a7-437e-a1ab-47217489bc3d,78982 Sugar Parkway,Bronx,NY,10459
Alyosha,Assiter,aassiter18@yahoo.com,6524337e-0c1d-4fe9-8608-ff28fdac0197,5 Westridge Terrace,Whittier,CA,90610
Moore,Jacketts,mjacketts19@usatoday.com,f25413d6-5dec-45a6-b315-5dc9cccbefda,447 Ryan Place,Visalia,CA,93291
Kore,Hulks,khulks1a@jiathis.com,60d52af8-306e-456d-8095-f614b77972a9,600 Oxford Plaza,Fredericksburg,VA,22405
Lynnette,Ansett,lansett1b@last.fm,47c9d27e-4f97-46c0-a411-4ddaa501905d,54837 Summer Ridge Center,Monroe,LA,71213
Jolene,Wanell,jwanell1c@dell.com,5cd1d9ce-1a55-4abb-99e9-ddd03d6c6510,9 Little Fleur Street,Gainesville,FL,32610
Sylvan,Varsey,svarsey1d@slideshare.net,e9e8a518-3dfa-4f66-bd47-25ec8cca142d,760 Namekagon Trail,Birmingham,AL,35295
Hayden,Blackbourn,hblackbourn1e@home.pl,0c28585e-9fee-4704-b652-4a8fce90fc26,7341 Birchwood Street,Columbia,SC,29208
Shir,Heel,sheel1f@1und1.de,6a256a52-63fd-475a-b96e-40d7adc8f25e,485 Redwing Road,Philadelphia,PA,19184
Fran,Bambrough,fbambrough1g@angelfire.com,1bdd426d-d28b-4472-b957-d4ed6c2c50d9,38 Lakewood Crossing,Cincinnati,OH,45264
Luciana,Fairnington,lfairnington1h@va.gov,3b0b7f7d-0ba7-4145-9760-00ca082abb0a,5 Schurz Crossing,Worcester,MA,1610
Akim,Stringman,astringman1i@networkadvertising.org,02be8e88-78ef-4dd7-b51d-eac5f08a7bbd,48 Pankratz Terrace,Des Moines,IA,50369
Ronnie,Rubanenko,rrubanenko1j@google.ru,c679461c-278a-47fb-991f-8855b0caf025,6047 Oakridge Point,Tucson,AZ,85720
Livvie,Ridde,lridde1k@nationalgeographic.com,9e4bf92c-1e3e-41d1-84f2-08cbb67389f5,16 Maryland Street,Jacksonville,FL,32277
Caron,Byfield,cbyfield1l@alibaba.com,e38e3f09-900a-4674-beff-8f8133863d73,9 Stone Corner Lane,Boston,MA,2203
Celinda,Dargan,cdargan1m@state.tx.us,7c5de708-78d7-450f-adfc-ecc620739c4f,78 Esch Park,Louisville,KY,40233
Eugenius,Cuolahan,ecuolahan1n@spotify.com,ae918291-6d26-4dd1-b847-a8f8ae3e3623,941 Banding Street,San Bernardino,CA,92405
Lydon,Moller,lmoller1o@washingtonpost.com,6e7ac1ff-85e3-4d54-b3c6-821cd72a56a7,0202 Scoville Center,Fort Worth,TX,76192
Adelle,Larraway,alarraway1p@mozilla.com,6ed5ab43-51dc-4bcb-acb5-95caa1d04e4e,5 Twin Pines Point,Tulsa,OK,74184
Tadeas,Exposito,texposito1q@sina.com.cn,60063dc8-9be0-4ad1-b4da-1c87828e93cf,19 Anzinger Center,Kansas City,MO,64187
Lorianne,Goodship,lgoodship1r@smugmug.com,09293810-7397-4628-b9e6-0138266608cf,41 Kingsford Junction,Pittsburgh,PA,15274
Katine,Taffarello,ktaffarello1s@buzzfeed.com,0109be26-80d3-4659-aff8-facd56f5f549,28 Barby Point,Rochester,NY,14652
Damaris,Vasovic,dvasovic1t@narod.ru,249cc737-516e-4d13-8da3-cd463a1319c0,1 5th Lane,Baltimore,MD,21282
Agnesse,Laurens,alaurens1u@ed.gov,023dd0bb-fad8-4a63-b11a-4992a1e35a61,12047 Mesta Court,Houston,TX,77218
Hobie,Birdsall,hbirdsall1v@shareasale.com,d358e485-d2c3-4119-b731-4b17df453953,7780 Jackson Trail,El Paso,TX,88530
Cordie,Frediani,cfrediani1w@elpais.com,946558e6-3274-4ef0-b7ed-8d2c2ed96b30,3 Clarendon Way,Raleigh,NC,27658
Charmian,Tomaszynski,ctomaszynski1x@paginegialle.it,41c8d92e-9b8b-41ac-8e4f-cd640663aef7,9 Londonderry Crossing,Lakeland,FL,33811
Tad,Shinton,tshinton1y@phoca.cz,7d81d92b-05dc-4630-a328-bfbe5fa7fa89,86 Sauthoff Street,Dallas,TX,75251
Emelda,Smallacombe,esmallacombe1z@forbes.com,262ec12e-daa7-4056-a42b-4b7c6e514f7b,9404 Graceland Junction,Louisville,KY,40293
Catlin,Rosenfelder,crosenfelder20@edublogs.org,b680e5b2-733a-455c-bcdd-687bee0d8037,653 Jenifer Drive,Orlando,FL,32803
Kyle,Minthorpe,kminthorpe21@g.co,83b17d6a-014f-4c35-8f67-188310878686,0 John Wall Junction,Los Angeles,CA,90081
Iain,Wellesley,iwellesley22@ted.com,3f83bb6b-9fa1-411f-9ffc-b513fbf12f85,34 Roth Plaza,Nashville,TN,37250
Vallie,Oliveti,voliveti23@github.io,bd76bafe-0582-4c8e-9125-801096ec0456,0 Riverside Drive,Independence,MO,64054
Anet,Kettles,akettles24@free.fr,b3aa188e-cea7-471f-9eeb-ab46fb1c2a15,86 Pond Hill,Washington,DC,20392
Gussy,Knowlson,gknowlson25@gizmodo.com,298934c9-12e7-425a-aa0c-3380a0b2dea8,5528 American Ash Street,Sacramento,CA,95818
Byron,Succamore,bsuccamore26@dell.com,1bd3933e-0d40-4426-a024-ce93f9729385,2623 Mccormick Pass,Lehigh Acres,FL,33972
Terence,Dron,tdron27@nifty.com,55b893d7-e3c9-421e-8a07-fb2e894e9711,2 Bobwhite Plaza,Seattle,WA,98148
Luciano,Wadwell,lwadwell28@google.de,297e8a3c-308f-4175-b69f-b86b14f7e064,36423 Oriole Hill,Kansas City,MO,64101
Karry,Habens,khabens29@infoseek.co.jp,00d4f273-a646-46fa-ba66-5240dd765bcb,256 Rockefeller Alley,New York City,NY,10165
Allene,Tangye,atangye2a@yahoo.co.jp,8ee81165-7a6c-453e-bfe2-1f972273beeb,529 Carpenter Way,Indianapolis,IN,46207
Norry,Foakes,nfoakes2b@indiegogo.com,42961a24-c339-485b-bf2c-f12b22cd17ec,78021 Roth Crossing,Washington,DC,20231
Betsy,Novak,bnovak2c@bluehost.com,82458c98-7c5d-44d6-b942-19330257f07b,75 Hagan Trail,New York City,NY,10270
Gertrudis,Dewey,gdewey2d@skyrock.com,c97fff86-9bcc-4218-8bee-9604fb9667d1,1 Stephen Avenue,Augusta,GA,30911
Joanne,Robertsen,jrobertsen2e@arstechnica.com,c22cd880-d025-4405-b3ae-02052b85369c,943 Reinke Street,Bakersfield,CA,93305
Brocky,Bulfoy,bbulfoy2f@twitter.com,b493b3f2-7d7c-4a23-8b97-0eb538778f5c,568 Scofield Plaza,North Little Rock,AR,72199
Kirby,Caruth,kcaruth2g@bloglines.com,ee7a09ab-df55-478e-9d47-8ac88dcca61e,04 Carioca Point,Little Rock,AR,72215
Emmanuel,Mattiazzi,emattiazzi2h@behance.net,9f3900cb-5e2f-493c-8aa0-55736c912132,6075 Hoard Trail,Austin,TX,78710
Dody,Buxsey,dbuxsey2i@sitemeter.com,d555f7e3-eacd-46e5-aabc-d82407730a08,7298 Sunfield Pass,North Hollywood,CA,91616
Petronella,Pude,ppude2j@skype.com,9644a399-6d56-48c9-b97f-3495c7b56dcc,64752 Mayfield Trail,Austin,TX,78764
Lesya,Elia,lelia2k@europa.eu,a60e0164-2b1a-4b23-816c-8c957d4bac9e,1994 Manitowish Junction,North Little Rock,AR,72199
Leesa,O'Rodane,lorodane2l@nasa.gov,0a574703-aebb-4d62-88c6-0a5ec9eb64e4,9 Northland Alley,Memphis,TN,38143
Helena,Witchard,hwitchard2m@senate.gov,7a7c9dab-2518-4500-bdde-6709cfdbb417,334 Mandrake Plaza,Philadelphia,PA,19109
Crichton,Davitt,cdavitt2n@theguardian.com,7f4e4a0d-72b4-42b7-8b64-ce08ef16120a,66 Sycamore Drive,New Orleans,LA,70149
Winn,Cargon,wcargon2o@goo.gl,bcb3de54-adda-42a4-8181-3085d0f8d98c,13784 Debs Plaza,Detroit,MI,48267
Inness,Kempshall,ikempshall2p@mapy.cz,41da91fe-253f-47fe-a0d1-aab754e17c90,46 Stone Corner Parkway,Topeka,KS,66611
Giacomo,Gateshill,ggateshill2q@nifty.com,23464277-660b-4a28-9125-2a8ab86e1551,244 Northfield Terrace,Inglewood,CA,90310
Henriette,Stonier,hstonier2r@arstechnica.com,46bb43f2-67ef-4371-8d98-83a12e971542,3 Ridgeway Park,Davenport,IA,52804
Renie,Helliker,rhelliker2s@dmoz.org,665e407d-84e4-4bdd-b16d-f28db6c37959,33 Armistice Point,Akron,OH,44329
Ive,Faraker,ifaraker2t@columbia.edu,2ce4e475-d4e0-4d29-82a5-988605241033,5 Mockingbird Crossing,Newport News,VA,23612
Glynn,Carreck,gcarreck2u@free.fr,6ef13afd-6520-4b9e-832a-4a2d8b1e6394,585 Mallory Center,Nashville,TN,37205
Fields,Tansey,ftansey2v@blogspot.com,b9b60aab-a85c-42ed-977e-030c34c232a5,2385 Nelson Junction,East Saint Louis,IL,62205
Rollie,Symes,rsymes2w@bigcartel.com,e156faaf-f67d-4bbe-87df-b29c884edd66,7736 Graedel Lane,Richmond,VA,23213
Faustina,Squeers,fsqueers2x@biblegateway.com,d80a9f2e-24ce-46e7-84ed-4920ff198943,118 Northland Junction,Portland,OR,97286
Bliss,Ofen,bofen2y@statcounter.com,e4495ba8-1702-4079-8b4b-df9dab2be1b7,193 Springs Junction,Detroit,MI,48242
Napoleon,Wincom,nwincom2z@jigsy.com,ccf301f2-3ba4-46e0-a7c5-b6d9be25a342,6 Dovetail Junction,Phoenix,AZ,85005
Laughton,Leedal,lleedal30@thetimes.co.uk,221972d9-7f2f-41fc-b087-52232c765d57,485 Mccormick Pass,Peoria,IL,61605
Bobbette,Santostefano.,bsantostefano31@seesaa.net,8501c1f1-d9d6-4835-9020-4e3bc44852fd,52719 Green Drive,Ogden,UT,84403
Sarita,Sonley,ssonley32@barnesandnoble.com,b133fb98-6d84-481d-8480-12af9371b651,32056 Coleman Pass,Baltimore,MD,21229
Cacilie,Beart,cbeart33@ed.gov,6ee66bf0-212b-408d-8023-b91e2597047e,45 Rusk Alley,Huntsville,AL,35815
Wendall,Imlin,wimlin34@yandex.ru,32d350f6-022d-41e2-9365-827653d47f61,3 Bellgrove Center,Houston,TX,77040
Andie,Blumire,ablumire35@cpanel.net,f621d02e-b76f-4156-91e3-4295c275a923,6 Lyons Road,Fayetteville,NC,28305
Sissie,Theze,stheze36@springer.com,4a1582c6-a91d-4a1a-b5fe-b4f829151f93,02668 Charing Cross Parkway,New Orleans,LA,70183
Daffie,Linton,dlinton37@nbcnews.com,ebfef296-8abb-41e9-a017-8fb5639896ce,5177 Sunnyside Plaza,Decatur,GA,30033
Gregoor,Vaudre,gvaudre38@dailymail.co.uk,97a81d17-0b9c-4279-adfb-83cdf88c3a57,41 Washington Road,Indianapolis,IN,46231
Artus,Compston,acompston39@comsenz.com,462dd3b4-6027-414c-bdc1-f0d8085c92af,8 Tony Place,Stamford,CT,6922
Augusta,Byneth,abyneth3a@exblog.jp,149126bf-cbd1-4683-aa6d-0ba5e1c301a5,16 Hauk Junction,West Hartford,CT,6127
Stillmann,Frushard,sfrushard3b@indiatimes.com,dd7ade7e-894e-4b41-a4fe-f237498e877c,1837 Golf View Pass,Arvada,CO,80005
Anna,Gamlin,agamlin3c@nhs.uk,162ca51b-9269-4bd1-a0e7-6905f67fc843,743 Carpenter Junction,Bakersfield,CA,93305
Adore,Tregear,atregear3d@4shared.com,a71c6f88-5da5-42e7-9f8f-26d2befe5581,153 Morrow Terrace,Kissimmee,FL,34745
Forrest,Matson,fmatson3e@phoca.cz,5e3fd094-2f88-4e0b-bdd4-a9b51cded205,302 Graceland Court,Oklahoma City,OK,73173
Gearalt,Bigglestone,gbigglestone3f@census.gov,cdf0b96b-18ce-4901-bf6d-0206b5289e1a,01 Warbler Circle,Yonkers,NY,10705
Costanza,Backhurst,cbackhurst3g@rediff.com,7ee27dba-3585-4e2e-89c2-26631b4efba6,8 Corscot Center,Columbus,OH,43231
Selina,Losty,slosty3h@blogs.com,23da412b-2b80-4dad-9076-f95f95597af5,684 New Castle Lane,Cedar Rapids,IA,52405
Abbie,Marciskewski,amarciskewski3i@gnu.org,9e519975-6462-4973-a315-2434479bfd73,1 Talisman Drive,Rochester,NY,14614
Rodolph,Budden,rbudden3j@merriam-webster.com,fc38627b-f3f7-475b-8027-0a7753a178d8,08 Kipling Hill,Santa Ana,CA,92725
Roxie,Claus,rclaus3k@rambler.ru,d163109c-9727-490e-a5a7-a31ff029be36,7659 Buell Place,San Francisco,CA,94159
Ame,Prestedge,aprestedge3l@is.gd,e7846867-3b25-4d13-99b1-9bf4d98957af,22419 Packers Trail,Washington,DC,20005
Torry,Birkby,tbirkby3m@nba.com,48a1a55a-5320-43d7-ad24-c6982cb14113,5 Erie Plaza,Washington,DC,20016
Patrica,Savins,psavins3n@amazonaws.com,e23d4f94-6645-41c5-a223-68708c333cd4,791 Lunder Parkway,El Paso,TX,88558
Georas,Hutchins,ghutchins3o@i2i.jp,b7c56b39-1906-4d88-a4f2-1456b6cfea9d,99 Kropf Way,Washington,DC,20231
Frasquito,Swinnard,fswinnard3p@infoseek.co.jp,2266654f-d0cb-4b1e-9404-0f3f68083d95,08 Canary Terrace,San Francisco,CA,94126
Syman,Davydkov,sdavydkov3q@eventbrite.com,8b959d7e-fb4c-478d-aced-5da64fdaa000,1893 Norway Maple Pass,Miami,FL,33134
Ellyn,Filipov,efilipov3r@umn.edu,c2782106-7702-4095-84ba-6f6555152dc6,2 Fisk Avenue,Portland,ME,4109
Debee,Dearnaley,ddearnaley3s@oracle.com,509ab682-d2a5-48ba-81c8-674353435b4a,2 Hoepker Pass,New Haven,CT,6533
Phelia,Shimwell,pshimwell3t@gmpg.org,0ec15c34-c47f-463d-a637-3a31ebaadd95,6974 Bunker Hill Drive,Waco,TX,76796
Dino,Korpal,dkorpal3u@businessinsider.com,15394b3b-1ff8-4140-b5ba-47f7bdb0bb1f,69 Gina Road,New Orleans,LA,70174
Warden,Fidge,wfidge3v@prnewswire.com,2b24f6e3-7acc-4928-bbb3-c0ae57110406,94 Monica Place,Albuquerque,NM,87190
Ricca,Grigg,rgrigg3w@ask.com,637f1bdd-87a4-47fe-841b-aaf7c7cea168,7630 Melody Pass,Memphis,TN,38197
Uriah,Ruck,uruck3x@wiley.com,ad46471d-b6fb-4589-9264-cae2ae353de5,084 Derek Place,Corpus Christi,TX,78465
Magdalen,Willmetts,mwillmetts3y@weather.com,4a5f2407-aa8e-472b-825e-bb9fdd9a7ba6,09 Heffernan Hill,Spokane,WA,99220
Sheri,Snedden,ssnedden3z@sourceforge.net,e72434fd-6c03-4c06-98ff-c9b47fa3a9cc,888 Derek Drive,Houston,TX,77245
Dottie,Eckery,deckery40@redcross.org,4b914377-a585-44db-8bc8-d7946731fd8c,22 Twin Pines Court,Springfield,OH,45505
Leanora,Doale,ldoale41@deviantart.com,a2c52b04-ab08-41f6-8a9f-b54b01174859,956 Toban Court,Minneapolis,MN,55436
Molli,Kynaston,mkynaston42@discuz.net,a6c37a7a-e7b1-411d-9329-e5007a26d3bb,4630 Stuart Road,Panama City,FL,32405
Verena,Glyn,vglyn43@ebay.com,158261cf-399e-4170-9694-216b0148dbd4,25 Evergreen Alley,Anchorage,AK,99512
Cirillo,Tulk,ctulk44@cbc.ca,e679cc1b-3336-4a93-91b5-b6729ef1d138,9011 Southridge Trail,Young America,MN,55557
Damiano,Orcas,dorcas45@ucoz.ru,a886602a-f622-4803-9f5b-f42272566e2b,4755 Dovetail Terrace,Oklahoma City,OK,73179
Ravi,Burrass,rburrass46@mayoclinic.com,f88b14e1-79f2-42f0-9907-401eccfc9d29,1 Hoepker Pass,Houston,TX,77228
Pauly,Marr,pmarr47@psu.edu,2b6892e3-16cf-4548-a4d6-4e0634099eb1,6 Daystar Park,Miami,FL,33164
Lockwood,Ault,lault48@tinyurl.com,15ae9c60-ca2e-4467-9877-bf1a47df8c9f,9742 Daystar Pass,Orlando,FL,32830
Faun,Cahani,fcahani49@msu.edu,59a31d45-35fa-40a8-8160-fc40388e2cb9,02408 Stephen Place,Buffalo,NY,14215
Devonne,Treadgall,dtreadgall4a@npr.org,25611a9c-c553-4f95-b2a3-aa17210142ff,81 Straubel Lane,Dallas,TX,75379
Borden,Colum,bcolum4b@time.com,f0d37197-bc00-4aef-bbe8-e6f0d06bcce8,3580 Mcguire Center,Amarillo,TX,79171
Esteban,Hindshaw,ehindshaw4c@ycombinator.com,1583a372-2b4b-46a7-8146-36df739f1315,72 Nelson Place,Saint Paul,MN,55188
Terencio,Agdahl,tagdahl4d@pagesperso-orange.fr,f5856b83-effb-4f59-a07c-ea549f68d10d,2 Tony Lane,Phoenix,AZ,85040
Teddie,Phettiplace,tphettiplace4e@huffingtonpost.com,892efff3-7fed-428b-bb8c-fbb2d976a233,24 Brentwood Plaza,Grand Rapids,MI,49518
Roselia,Oen,roen4f@sina.com.cn,3cb56a89-a2bb-4795-995f-23a82890323c,9877 Shelley Center,Laredo,TX,78044
Janifer,Garthshore,jgarthshore4g@smh.com.au,da3fe078-6c02-427c-8721-d9fefd4a9b2d,440 Village Lane,Murfreesboro,TN,37131
Mariana,Finden,mfinden4h@taobao.com,3e4f059e-5564-423a-b5b9-9f09ba989b46,6952 Summerview Junction,Greenville,SC,29615
Cherey,Thorold,cthorold4i@surveymonkey.com,6df53625-97f7-448b-a2ba-82e1127239fa,3 Nevada Lane,Boynton Beach,FL,33436
Correy,Zealy,czealy4j@time.com,ddd2781c-70b8-4824-b926-a56aef4fbdbb,67 Cordelia Way,Sacramento,CA,94245
Alysa,Antowski,aantowski4k@webmd.com,7e846926-3bd7-48ed-b86a-6fee34cf8b40,0 Bellgrove Point,Montpelier,VT,5609
Chip,Wrightham,cwrightham4l@people.com.cn,e62990b1-dfb0-4b79-b180-4be03abc826e,37 Rockefeller Drive,Los Angeles,CA,90020
Margret,Riolfi,mriolfi4m@de.vu,803f6adf-9e0d-4c1f-9e03-1606aa4b21d4,85164 Hallows Avenue,Fort Worth,TX,76178
Antony,Giorgioni,agiorgioni4n@over-blog.com,99ca8428-a008-45e2-9397-f092b4f318b6,6 Morrow Park,Naples,FL,33961
Vassily,Laxson,vlaxson4o@spotify.com,a77def97-c7ab-4e78-8ba2-9ada7f8b1b30,6643 Cordelia Terrace,Lexington,KY,40581
Pier,Chelley,pchelley4p@lulu.com,216df570-4b04-46e3-bad0-dc77c68a7cc4,0 Melvin Junction,Columbus,MS,39705
Cori,Pietrowicz,cpietrowicz4q@illinois.edu,137e1402-f689-4b6c-9e28-3e1b040b3c22,510 Portage Drive,Allentown,PA,18105
Philly,Greenalf,pgreenalf4r@google.ca,1af7cb48-ca46-448d-95f5-a47642811b60,3034 Shopko Terrace,Minneapolis,MN,55441
Vikki,Temby,vtemby4s@vimeo.com,4de18090-e83f-4c7f-a243-49fed74b7d3d,4 Carberry Trail,Las Vegas,NV,89145
Eddy,Howler,ehowler4t@elpais.com,26c23fae-6dea-4479-9279-fdd96fa037fb,56046 Division Alley,Los Angeles,CA,90189
Anabella,Pretley,apretley4u@odnoklassniki.ru,959b5835-9f73-4292-974c-6266825be7ee,8474 Bobwhite Alley,Buffalo,NY,14215
Hagan,Northern,hnorthern4v@google.nl,36f1aa90-c3dd-4ad2-b31f-931cbf8026d6,1657 Bay Road,Los Angeles,CA,90010
Britt,Ludgrove,bludgrove4w@apple.com,46909521-cb8b-429d-adf4-05ae46fd4556,62625 Fairfield Terrace,Washington,DC,20260
Eran,Bang,ebang4x@vkontakte.ru,d244eccc-460c-459f-9682-764df86e7e0d,0646 Erie Lane,New Hyde Park,NY,11044
Leona,Mackett,lmackett4y@macromedia.com,62f1dac4-de8d-4da4-aa51-e366fff91b61,9 Heffernan Place,Arlington,TX,76096
Odie,Gatfield,ogatfield4z@archive.org,279da038-b6da-44f5-86ae-dd300f2a16a9,0 Kedzie Terrace,Greensboro,NC,27404
Borg,Dobbs,bdobbs50@blogger.com,e454c129-cf5b-41dc-bcc7-8c6e4e82dd8f,4 Warner Junction,Hyattsville,MD,20784
Mervin,Longea,mlongea51@tuttocitta.it,a2fcb763-3983-4345-a8a4-4e07722a850a,99811 Monument Street,Grand Rapids,MI,49518
Maryjo,Wathey,mwathey52@discovery.com,50972d9e-ff8f-4d55-bdda-c488fa712308,25959 Heath Street,Sacramento,CA,95818
Karim,Greggs,kgreggs53@artisteer.com,23be3b64-cad8-48c0-9403-ee78ea77ceec,615 Sunnyside Point,San Jose,CA,95155
Ruddy,Byng,rbyng54@wordpress.com,7ee094f2-951f-44a2-9520-12be03fc0566,6 Killdeer Place,Springfield,IL,62723
Cordie,Dumingos,cdumingos55@noaa.gov,ea2fec45-af8a-434e-8416-6cddd8bdf3dc,8091 Emmet Plaza,Philadelphia,PA,19196
Julius,Gilfoyle,jgilfoyle56@hao123.com,d1b54809-52f9-4a88-a2c9-d531d6ccd778,6 Shasta Terrace,Salt Lake City,UT,84110
Kellia,Woffinden,kwoffinden57@patch.com,92c8171b-fd39-4aeb-99d6-af4d2e8cfb28,493 Helena Center,Milwaukee,WI,53277
Doralynn,Staveley,dstaveley58@macromedia.com,a382e623-32d8-4073-810b-8bd145250146,5296 Norway Maple Lane,Anaheim,CA,92825
Felizio,Tarpey,ftarpey59@google.com.br,4d1fd5fb-4507-43f7-8b0e-b9ee2ed81ce4,675 Bultman Court,Tallahassee,FL,32314
Pauletta,Penelli,ppenelli5a@gov.uk,f6560713-2f4b-4498-a834-3eadb9644a8d,95 Fulton Court,Washington,DC,20580
Robert,Rolland,rrolland5b@example.com,89b1b876-abf5-4b34-846b-f8dc24dd26f8,92210 Corry Crossing,San Diego,CA,92127
Kleon,Phaup,kphaup5c@guardian.co.uk,79b7c8c0-8f56-47e6-a24b-bbfd89d37445,8 Meadow Ridge Parkway,Pittsburgh,PA,15210
Audie,Morville,amorville5d@deviantart.com,f143db85-88db-4ee1-8ba2-f83223b32a72,2745 Grayhawk Hill,West Palm Beach,FL,33405
Em,Grimley,egrimley5e@ebay.com,f3357cf9-f325-47ec-be02-bc6a69029e56,3376 Jana Trail,Harrisburg,PA,17105
Dane,Ternault,dternault5f@psu.edu,91917b41-4605-4040-a12e-3f990b3bf89d,3590 Lake View Park,Detroit,MI,48258
Carilyn,Gabbatt,cgabbatt5g@trellian.com,6089e9ca-9765-49b4-9997-df10853c5e26,27 Ronald Regan Road,Virginia Beach,VA,23464
Jarrid,Waleran,jwaleran5h@tamu.edu,3a32b52c-c4aa-4fb3-9e35-86573465e595,42637 Sycamore Parkway,Denver,CO,80235
Sheelah,Semens,ssemens5i@google.co.jp,9a032dbc-50e7-4339-9928-a117f679fb4c,75866 Sutteridge Trail,Beaufort,SC,29905
Abel,Littrik,alittrik5j@domainmarket.com,ca599e84-7890-4ca9-8767-2ce26f13aad4,08672 Meadow Ridge Plaza,Dallas,TX,75226
Ali,MacClancey,amacclancey5k@weather.com,d4998869-76b3-43c8-b911-72842fb08045,14 East Point,Houston,TX,77245
Meridel,Fettiplace,mfettiplace5l@imdb.com,715600ea-8407-4367-975c-327681f8ac30,34 Lindbergh Alley,Asheville,NC,28815
Petey,Pinchbeck,ppinchbeck5m@google.com.au,77f7b0d0-57de-4bbb-b7c4-83266a0cb3bb,26469 Tony Junction,Seattle,WA,98109
Leoine,Gowing,lgowing5n@biglobe.ne.jp,9af97c4b-3543-471c-8cd9-547c541ff783,22827 Chinook Crossing,Santa Barbara,CA,93111
Esma,Bates,ebates5o@zimbio.com,3baa9163-87fb-44c9-84c2-479403909648,1 Dennis Drive,San Francisco,CA,94169
Danila,Applewhite,dapplewhite5p@sohu.com,dd7de8f5-262c-435f-a6b6-67c503560e27,9754 Merrick Lane,South Bend,IN,46620
Zenia,Tenney,ztenney5q@cnbc.com,e33f2bc9-cc91-43b9-87a9-fcc11d601c4b,07 Hauk Crossing,Houston,TX,77201
Rasia,Huortic,rhuortic5r@google.cn,eff13100-1f98-4b2d-b5ed-36fd2e34bf22,7 Chinook Avenue,San Diego,CA,92170
Marcelline,De Domenico,mdedomenico5s@nytimes.com,f4a600d4-09d6-4c32-9c06-b9f91e1e8605,9 Chinook Street,Oklahoma City,OK,73190
Quincey,Yeowell,qyeowell5t@4shared.com,fd851b1e-4319-4e09-87cd-ada2ded7eda1,896 Loomis Park,Lincoln,NE,68517
Nessy,Izatson,nizatson5u@unesco.org,87a2bc17-150e-41ad-b2e1-15386db429de,50849 Nancy Center,Torrance,CA,90505
Teddi,Piolli,tpiolli5v@ucoz.ru,22c99efb-98d3-46a3-ba82-730916ead2d9,1 Meadow Vale Point,Baton Rouge,LA,70836
Victoir,Cattermull,vcattermull5w@hatena.ne.jp,0595191b-9443-483e-8046-83a1e1b97cc7,9115 Miller Park,Cincinnati,OH,45249
Corabel,Kimmins,ckimmins5x@sbwire.com,93419219-3ec9-4287-ad4b-2c13add8d0f2,459 Gina Center,Miami,FL,33175
Helga,Maps,hmaps5y@hibu.com,d423d672-67da-4107-abc9-c3d71c23bd76,0109 Miller Center,Sunnyvale,CA,94089
Ruddy,Bachs,rbachs5z@liveinternet.ru,bc547222-366d-4e9e-9a1c-ea403857de57,70 Raven Alley,Fort Wayne,IN,46805
Adrien,Pepye,apepye60@fema.gov,8eb372f3-f0e8-40e4-92f5-0f41989d8da6,47 High Crossing Junction,Sacramento,CA,94263
Jeffry,Colville,jcolville61@liveinternet.ru,ab6a14c4-7aa9-485d-aa4b-0cf766a97486,664 Green Ridge Road,Canton,OH,44710
Keelby,Dench,kdench62@china.com.cn,fdc39e46-47fa-4dd0-ae3c-eb2d19e92c1c,2931 Village Park,Lancaster,PA,17622
Baudoin,Roe,broe63@bbc.co.uk,c2d040ce-26d1-48f0-a6ef-4e420d4ce9e5,95296 Southridge Junction,Fort Lauderdale,FL,33305
Marcus,Akerman,makerman64@biblegateway.com,526a0941-e55a-407e-b88f-dad82bfa2ef9,31 Morning Park,Honolulu,HI,96850
Leesa,Scading,lscading65@irs.gov,44f13785-a001-4891-9259-4dcdf3f75b76,3 Monument Lane,Anchorage,AK,99522
Ward,Keates,wkeates66@sogou.com,ae2febe7-5089-486f-86cb-a1da2fc6a23c,05118 Bowman Crossing,Brockton,MA,2405
Rosemary,Sharvell,rsharvell67@4shared.com,e3346069-71bc-4bf8-8235-e2f9c07567bd,9986 Oxford Circle,Syracuse,NY,13205
Ermina,Ossipenko,eossipenko68@plala.or.jp,fa8504ee-f440-43aa-848a-45cc2430ac4b,6 Donald Lane,Nashville,TN,37240
Scotti,Kersting,skersting69@washingtonpost.com,4bdd695f-8e87-47f4-9078-783f3e7aa276,27 Ronald Regan Street,Miami,FL,33180
Bret,Dewfall,bdewfall6a@scribd.com,05e518cf-9143-4992-9e08-5f40cc42d097,4204 Petterle Terrace,Newport News,VA,23612
Gualterio,Pearmain,gpearmain6b@photobucket.com,aed39018-b34f-46c8-91f8-10ffd124ee60,6766 Lighthouse Bay Plaza,Dallas,TX,75216
Daloris,Ainsworth,dainsworth6c@smh.com.au,9e6795bf-d968-430b-a091-b5400579262e,68761 Montana Lane,Dallas,TX,75372
Issi,Woofenden,iwoofenden6d@wp.com,8eac4517-a5df-4a1d-ac8d-69aaa0414fb7,1451 Lindbergh Place,Lakeland,FL,33805
Farley,Janout,fjanout6e@timesonline.co.uk,f33c34f4-ddab-4c52-a5e3-e6cfb49019fb,6 Heath Center,Santa Barbara,CA,93111
Hinze,Shiell,hshiell6f@360.cn,a5658afa-fe02-489c-9e2b-9637be504a5a,2 Talmadge Junction,Houston,TX,77080
Kiah,Handman,khandman6g@rediff.com,ff1a70d2-5215-47ed-b288-d2370dc83533,02947 Moland Terrace,Phoenix,AZ,85045
Jacinda,Wiltshaw,jwiltshaw6h@gizmodo.com,2fd70dff-ee2b-4f54-b58a-f31634aa293d,99 Golf Place,Saint Louis,MO,63167
Isa,Abramchik,iabramchik6i@newyorker.com,20edc5bc-8d33-4cef-b46a-a39cbab4d549,9 Springs Road,Albany,NY,12210
Mata,Cratere,mcratere6j@spotify.com,a0f4d92b-784a-46b6-9093-9a04e0944d35,96 Mifflin Hill,Pensacola,FL,32575
Mathew,Pavie,mpavie6k@wufoo.com,c1b49582-6efd-4cb0-b042-438e5e6541a0,70 Becker Court,Warren,MI,48092
Viv,Melly,vmelly6l@oakley.com,50d05018-acb6-458d-bc43-771b289a91d0,0058 Magdeline Junction,Erie,PA,16505
Wrennie,Sexstone,wsexstone6m@imdb.com,aa47c3f2-9449-4733-a400-8a8b1b34e0e5,55112 Heffernan Lane,Memphis,TN,38104
Hashim,McEttigen,hmcettigen6n@hhs.gov,2e5096d6-2342-4ae5-be08-2ae9a276f127,14 Haas Terrace,Chico,CA,95973
Joshia,Munehay,jmunehay6o@ezinearticles.com,a799e16d-bc0f-4c77-b0ae-50443eba81e1,184 Erie Road,Chicago,IL,60652
Guendolen,Birchill,gbirchill6p@hubpages.com,fa3f5fec-500e-4dcf-824d-0b3f02312380,65825 Badeau Trail,Charlotte,NC,28256
Pansy,Baxandall,pbaxandall6q@icq.com,fc27f2de-fcb3-4216-81e1-313adcc0ced1,69719 Everett Street,Washington,DC,20525
Harlie,Rodolf,hrodolf6r@smh.com.au,915eb8d5-22c9-4bd4-ab8a-3112754a55d9,22 Dawn Point,Kent,WA,98042
Elinore,O'Henecan,eohenecan6s@cnn.com,68a5b15e-3d73-46f8-ae46-28c478b7e3b1,4 Quincy Hill,Buffalo,NY,14225
Bobby,Ticksall,bticksall6t@umn.edu,eba3fab0-27de-4e72-8dae-fd24994f775a,30 Barnett Junction,Houston,TX,77218
Trula,Mecozzi,tmecozzi6u@xrea.com,5ac58292-de9c-46b6-8bcf-d2d1e1287a92,32 Waubesa Park,New York City,NY,10150
Gabriela,Baptiste,gbaptiste6v@blogs.com,f939b98f-d149-4365-ab80-e47898dd7fcc,26 Pawling Circle,Mobile,AL,36689
Arnold,Roxbee,aroxbee6w@w3.org,b72a0cb0-95f4-4490-8f8c-52566421b1be,84457 Anhalt Road,Dayton,OH,45470
Lorianne,Dullaghan,ldullaghan6x@surveymonkey.com,a1bb19a7-0741-4c29-8de5-c78171c04b28,0281 Dayton Hill,Chicago,IL,60646
Connie,Burlingham,cburlingham6y@globo.com,4a693ea3-08fe-4a8e-beac-9ca868d08f1b,37716 Bartillon Avenue,Erie,PA,16510
Leslie,Latus,llatus6z@java.com,c29b6229-d6c3-4163-8ca2-cfe307c2f8c9,26 Steensland Center,Washington,DC,20046
Elsey,Brede,ebrede70@yahoo.com,4d52eed7-129f-4cf7-bede-d66644422174,655 Hermina Center,Suffolk,VA,23436
Adrian,Kobke,akobke71@spotify.com,81569eea-0a3b-4af4-9c89-f10e7ac7dec6,6379 Montana Circle,Birmingham,AL,35236
Stu,Matuszyk,smatuszyk72@youtu.be,c05c0bbd-3974-45ea-a809-8999bce45a46,498 Dahle Road,San Antonio,TX,78291
Bianca,Kennefick,bkennefick73@earthlink.net,d51fc993-aed0-4abd-a688-788589705000,7415 Washington Hill,Washington,DC,20430
Hebert,Molines,hmolines74@icio.us,bb2b9b74-c52f-4c3f-a06f-316e9b4de07d,71913 Summerview Junction,Birmingham,AL,35254
Conant,Arran,carran75@who.int,a665e09c-9531-4fa5-8fde-052fefae625b,83602 Ludington Road,Appleton,WI,54915
Elisabeth,Dyte,edyte76@reddit.com,6126333b-2ba4-47e3-9425-3a8ed04c680d,26 Nova Court,San Diego,CA,92186
Ingunna,Behrens,ibehrens77@youtu.be,8c939af2-03cf-46b0-a979-d310eb2fe36f,69 Marquette Place,Dayton,OH,45490
Orran,Webben,owebben78@engadget.com,7b10ccdc-ebc7-4bd7-bdcb-47bc141d1819,54 Melby Place,Washington,DC,20078
Loreen,Lurcock,llurcock79@omniture.com,7b61154f-ccd4-4084-ab03-97074d838450,6475 Gina Junction,Troy,MI,48098
Cornie,Gheerhaert,cgheerhaert7a@clickbank.net,15993850-aa52-455c-8ce8-ac04932714b4,8828 6th Junction,South Bend,IN,46634
Robinet,Gilchrest,rgilchrest7b@rakuten.co.jp,5a1bc7c5-fdd0-487c-811c-e5ecec0908a9,06971 Old Shore Court,Las Vegas,NV,89166
Robina,Doody,rdoody7c@drupal.org,c83f5a4d-0f8c-4c9b-9549-91e58c787998,32 Toban Drive,Chicago,IL,60619
Lanie,Nordass,lnordass7d@theatlantic.com,e859f0d9-3610-4d2f-bbb2-4c3b85aba429,81 Delladonna Drive,Boulder,CO,80328
Natalina,Edmundson,nedmundson7e@indiegogo.com,c65f35c8-097d-4c7f-a29a-70d54a6b9e2f,4457 Bay Lane,Grand Rapids,MI,49560
Damian,Loxly,dloxly7f@dailymotion.com,78b5d323-0b56-47c8-ab79-b2ae7fb04e4b,2 Old Gate Street,Naples,FL,33961
Rollin,Thorrold,rthorrold7g@wp.com,faa83282-a76f-420e-9b49-b8b41ac35644,381 Hudson Pass,Clearwater,FL,33758
Eugenie,Bodycote,ebodycote7h@google.fr,e55dc048-e511-4073-acc5-3976cd0a4277,88 Messerschmidt Crossing,Charlotte,NC,28225
Doria,Rapson,drapson7i@chronoengine.com,5c532f75-4563-49ce-af46-3377ee830e13,8360 Artisan Park,Cincinnati,OH,45223
Gaspard,Rodear,grodear7j@ted.com,c2afd240-35f9-44a4-b91e-dcaed13f9755,7922 Oakridge Alley,Colorado Springs,CO,80940
Milzie,Giriardelli,mgiriardelli7k@hugedomains.com,c2fc2fde-65d6-4646-a7c1-684793daf7ba,566 Crest Line Pass,Atlanta,GA,30328
Perrine,Ruddle,pruddle7l@constantcontact.com,d2830094-d776-4d94-9d14-558d8700c907,6762 South Lane,Tulsa,OK,74170
Agnese,Pennicard,apennicard7m@craigslist.org,9d7f8c46-10db-4256-8f8b-dd1e5816fc15,3 Fordem Crossing,Littleton,CO,80161
Marguerite,Berger,mberger7n@sfgate.com,48330ea5-fc0f-4483-93d5-029f80205199,48 Hanson Way,Minneapolis,MN,55470
Gui,Slewcock,gslewcock7o@dion.ne.jp,73d096dd-634d-4159-8b19-b51c27e3da3d,89550 Thompson Junction,Phoenix,AZ,85045
Ted,McElhargy,tmcelhargy7p@weibo.com,fe10ad1d-dac5-4a1a-9542-7816a1397513,836 Carey Avenue,Norcross,GA,30092
Gusella,Harower,gharower7q@europa.eu,db0391ab-d13c-4eb0-bf43-35892feb18e3,251 Gale Avenue,Philadelphia,PA,19151
Iosep,Whaley,iwhaley7r@nba.com,234a8684-7f5b-4a40-84c8-52d768fddeb2,4 Hovde Pass,Birmingham,AL,35244
Dolley,Witchard,dwitchard7s@adobe.com,92164252-448a-4d43-afd4-03f4a4a16228,9 Cordelia Hill,Portland,OR,97201
Nicol,Zanitti,nzanitti7t@samsung.com,3904a48b-81eb-494a-9fed-fb4be8cc6e50,0036 Northport Park,Boston,MA,2203
Hewie,Von Der Empten,hvonderempten7u@ox.ac.uk,3f9cadde-4a0d-4ace-ab47-47c470bb1cca,27 Hudson Hill,Austin,TX,78737
Juliet,Greenlies,jgreenlies7v@histats.com,d8fbf62d-6df5-4a72-94d6-8e48a01ba101,983 Nancy Alley,Lafayette,LA,70593
Sandie,MacMillan,smacmillan7w@java.com,96c99004-0104-4772-ab90-0f65c2f3d525,54212 Bartelt Terrace,Wilmington,DE,19886
Bernardina,Sattin,bsattin7x@bandcamp.com,0b40ff27-fc91-4e1c-beef-8f52bbba0518,5664 Evergreen Court,Kansas City,MO,64136
Sig,Francesch,sfrancesch7y@google.de,17f12658-d11d-42ab-953a-98b555d67ee6,83536 Steensland Street,Peoria,IL,61629
Catlee,Fairham,cfairham7z@cbc.ca,c092dff2-5e23-48a7-9157-9b7a79426240,70169 Northland Point,Chicago,IL,60624
Adria,Caunter,acaunter80@kickstarter.com,560b1f44-2320-4547-88e1-1eb2d1bee397,61 Manley Trail,Jefferson City,MO,65105
Andrus,Kindred,akindred81@wisc.edu,8c47403e-9ba8-442d-83bb-0ce548d1933b,74047 Sommers Place,Washington,DC,20244
Curr,Mapson,cmapson82@sun.com,2c6439e0-b85a-4647-8266-9bbce0f1755f,26 Anniversary Lane,Saint Louis,MO,63169
Paulette,Pierucci,ppierucci83@youku.com,e2892079-8bc6-4d5e-adcc-c9b505356bca,6408 Gerald Circle,Fort Worth,TX,76147
Addy,McCrillis,amccrillis84@amazon.co.uk,2b206e45-02a7-4a27-86cf-ab2a76d29872,8 Farmco Parkway,Boca Raton,FL,33432
L;urette,Commuzzo,lcommuzzo85@bloomberg.com,e152fb74-3ade-45a1-b2ce-fed99363476c,2 Dennis Crossing,Columbia,SC,29220
Lloyd,Martinelli,lmartinelli86@unc.edu,49390e9d-d5af-405f-ab2c-23d40326cedc,6 Commercial Point,Virginia Beach,VA,23471
Angelica,Binford,abinford87@slideshare.net,e6a525e5-2f49-43fe-a6ec-295fe899b6f1,7 Mcbride Parkway,Shreveport,LA,71137
Alexandro,Bonett,abonett88@sun.com,be50143a-44da-4c05-abc6-a586b8e2d2f6,0 Dayton Parkway,Fort Lauderdale,FL,33336
Matthias,Simchenko,msimchenko89@cmu.edu,cfb675df-4767-4d1a-9e0c-7ba169f9b572,3231 Ilene Court,San Antonio,TX,78205
Monique,Vogeler,mvogeler8a@pen.io,7bcf3ae4-3cf8-4433-8f4b-e3e0bebf7aff,48 Muir Pass,Houston,TX,77020
Cirillo,Cocklie,ccocklie8b@google.de,682e2b69-e884-45d1-9889-44f18df30180,51406 Fremont Terrace,Saint Louis,MO,63126
Lucila,Higounet,lhigounet8c@163.com,d53b40f6-2fd1-4abe-9ae2-3cb8f18527f6,6230 Pawling Park,San Bernardino,CA,92415
Joletta,Radborne,jradborne8d@wix.com,db5277f5-bb10-4bcb-a04b-8e45023761bb,2 Anderson Center,Atlanta,GA,30340
Cordi,Looby,clooby8e@ted.com,c1f22ea1-e6a6-4d44-ab4a-10803566120d,70420 Oak Valley Center,El Paso,TX,88535
Gunar,Trubshaw,gtrubshaw8f@cam.ac.uk,0c0cf32e-85d2-4dd1-abb1-848df1c4031d,39622 Moulton Avenue,Daytona Beach,FL,32128
Sheffie,Anyene,sanyene8g@amazonaws.com,5417d37d-8cdd-449d-b334-e87633ec9bcd,5 Monterey Road,Honolulu,HI,96805
Emilee,Copner,ecopner8h@state.gov,50b5519f-e5c1-492d-922f-0c4099271f52,7615 North Point,Bakersfield,CA,93386
Weylin,Climie,wclimie8i@house.gov,5d155a7d-6725-4881-8dbf-77f8eb292e21,8667 Gateway Court,Saint Petersburg,FL,33737
Dana,Mantrip,dmantrip8j@earthlink.net,b14220ba-6232-4645-b709-202a853f9109,3021 Shoshone Circle,Miami,FL,33175
Fawne,Scarborough,fscarborough8k@army.mil,f68c48d1-109c-4dda-9371-b14ddaa55cfc,62964 Garrison Hill,Washington,DC,20503
Abbe,Dzenisenka,adzenisenka8l@newyorker.com,e6fd8368-2bae-4086-8875-baf1398904f5,4152 Amoth Point,Dayton,OH,45454
Reinaldo,Reaman,rreaman8m@tiny.cc,432ece88-4330-40aa-b4d8-fe477cc09a2d,82 Russell Point,Richmond,VA,23289
Ham,Kwietek,hkwietek8n@sciencedaily.com,31243f2b-597f-4f7f-be80-da12657fc975,879 Annamark Place,Salt Lake City,UT,84140
Jarib,Freyn,jfreyn8o@seesaa.net,6cc1e915-a48f-4167-b3b7-48103ae37c8f,31 Dixon Lane,Irvine,CA,92710
Legra,Mossdale,lmossdale8p@example.com,f2815067-ab2e-4805-926c-77529bb258b3,8 Ohio Circle,Denver,CO,80249
Forester,Ricards,fricards8q@prlog.org,daea37cb-7b35-4fad-b007-759eabe3dde9,5 Pankratz Crossing,Phoenix,AZ,85020
Frasco,Gierck,fgierck8r@slideshare.net,ffe47da7-9d3c-42a2-befb-e96b6355454d,3 Gulseth Drive,Denver,CO,80243
Haskel,Rimmer,hrimmer8s@blogger.com,47f5a660-2a4c-412e-8455-66581c779794,79243 Cambridge Lane,San Antonio,TX,78296
Sidonnie,Legion,slegion8t@army.mil,8f06a5fd-97ea-4242-9821-7c9ec97d2e37,027 Blaine Way,Staten Island,NY,10305
Nelie,Gethings,ngethings8u@amazonaws.com,c880c011-cdf8-4d50-89f9-1d946f926a1a,5235 Londonderry Hill,Decatur,GA,30089
Dukey,Bamlet,dbamlet8v@usnews.com,a1c3a284-29ba-4ad1-9dde-6ce9d0138eb3,588 Farwell Junction,Savannah,GA,31422
Vanni,Livesley,vlivesley8w@hubpages.com,d4523df6-7dec-4861-b4b9-dd1cac419dfb,7015 Ilene Center,El Paso,TX,88541
Orelee,Chasteney,ochasteney8x@samsung.com,9841e485-ada9-423f-8ca7-39ed84fcb372,8 Autumn Leaf Place,Burbank,CA,91505
Minnaminnie,Madgin,mmadgin8y@slashdot.org,e85ad22d-017b-4da4-af57-3edbb4113b70,64 Merchant Avenue,Dallas,TX,75372
Walliw,Coe,wcoe8z@latimes.com,ff0d9003-c2ba-493f-ada4-c4b15ee8507f,4 Knutson Hill,Spartanburg,SC,29305
Whitney,Felgate,wfelgate90@unc.edu,3bc34dfc-3867-4e56-8b99-eeed69f039c3,232 Golden Leaf Crossing,Fort Worth,TX,76162
Doy,Caddies,dcaddies91@goo.ne.jp,6ba3a02b-53ab-44e7-acc5-8675708e06de,99129 Bayside Street,Austin,TX,78721
Dinah,Simonyi,dsimonyi92@goodreads.com,f2226201-3749-45f2-a4e9-c619066f441e,515 Acker Drive,Albany,GA,31704
Corie,Eaklee,ceaklee93@prlog.org,9245d89a-9b0c-4f2a-97a8-ab5ff2e11809,79784 Canary Junction,Philadelphia,PA,19191
Dore,Nollet,dnollet94@senate.gov,2acaa1b1-9f8b-4450-a234-1bf114d95dab,2 Corscot Crossing,Las Vegas,NV,89145
Carlene,Wadham,cwadham95@latimes.com,73e12fd9-29dc-4d4e-922e-50793c45f4c8,4019 Boyd Drive,York,PA,17405
Franklin,Ridsdell,fridsdell96@scribd.com,a18822b4-dcf3-4c9e-b1d9-7be9ce86e1cb,05 Florence Lane,Topeka,KS,66622
Pauline,Fray,pfray97@ocn.ne.jp,f5d22ca4-d62a-4e64-9d7a-810de2a78541,76080 Macpherson Court,Boynton Beach,FL,33436
Evered,Willmore,ewillmore98@jalbum.net,5de092d3-ad91-4c7d-9fc6-7a2e47231521,08776 Nancy Terrace,Tulsa,OK,74103
Hephzibah,Carroll,hcarroll99@geocities.com,fac0158d-db73-41e2-b047-4c00644b3dcd,49 North Road,Shawnee Mission,KS,66210
Donielle,Kettridge,dkettridge9a@usgs.gov,f6310731-5a89-46d5-ab6e-815be67faa15,71 Lakewood Gardens Lane,Salem,OR,97306
Erhard,Tuckerman,etuckerman9b@wunderground.com,4c45b10b-7e4a-4cc1-8601-2b9eea4ed8f7,5 Mariners Cove Parkway,Englewood,CO,80150
Wylie,Cussins,wcussins9c@nasa.gov,22bb7d0d-b9fb-4533-841e-fe5ba947a55c,6214 Acker Point,Spokane,WA,99205
Marketa,Klulik,mklulik9d@1und1.de,e2a694fc-04bf-4582-b6a8-b075c1ddff1c,54 Ruskin Street,Santa Cruz,CA,95064
Chelsy,Conn,cconn9e@ucoz.com,a83f28c6-5ad5-4aa3-be58-0af862eb0605,729 Sundown Street,Inglewood,CA,90398
Bartolemo,Scatcher,bscatcher9f@booking.com,d65ef76b-531b-4591-9b3d-0c7c854cf678,7 Prairie Rose Road,Shreveport,LA,71151
Joy,Selwood,jselwood9g@amazon.co.uk,89e521ac-0413-42b6-bcb2-d1dce9ea0517,1 Dottie Court,Anniston,AL,36205
Dillie,Ceely,dceely9h@blinklist.com,82751b62-5384-4e14-abb6-ae42cd13cabe,71 Hanover Center,Wichita,KS,67220
Sile,Kibard,skibard9i@abc.net.au,6b6225f4-e449-410e-a9dd-20382f684106,6 Esker Junction,Montgomery,AL,36125
Pansie,Wraight,pwraight9j@infoseek.co.jp,5feeb4e1-cd98-4448-8126-5020d6a56d51,12 Golf Course Avenue,Charlotte,NC,28284
Derry,Jacombs,djacombs9k@paginegialle.it,e1af5e5d-3f54-4794-b7c4-44b307d3be2b,10 Fieldstone Circle,Sparks,NV,89436
Lucius,Hinckes,lhinckes9l@phoca.cz,2638db38-f031-4c54-94e3-3607f13b5292,47 Waubesa Center,Portland,OR,97229
Cyndy,Slot,cslot9m@forbes.com,bc573525-e3eb-4611-bacd-6758583b7c27,1 School Plaza,Houston,TX,77240
Felic,Longson,flongson9n@sina.com.cn,5eadb025-a856-4da2-b96e-2d03b5a6d68f,03047 Spaight Parkway,Fresno,CA,93750
Christoffer,Girvin,cgirvin9o@bloglines.com,ab3a9dbf-7091-4e76-abc8-7f074de9dcef,53 Mcbride Trail,Phoenix,AZ,85015
Nickolaus,Perham,nperham9p@earthlink.net,e99d9b0a-98d6-4d78-bf19-45a0aa3b9353,736 Arrowood Terrace,Modesto,CA,95397
Jordanna,Laborde,jlaborde9q@shop-pro.jp,3051a961-77ef-4b23-aa35-25a4518042b7,6 Green Junction,Rochester,NY,14646
Vanda,Camplen,vcamplen9r@mozilla.com,da5f31ea-a252-4982-a1a4-656be901c307,5 Montana Way,Tallahassee,FL,32399
Corena,Nieass,cnieass9s@oracle.com,799083df-3123-4940-ac33-0e75d9089f92,089 Shopko Court,New York City,NY,10150
Calv,Whebell,cwhebell9t@rambler.ru,ee26ce6c-f7bd-447a-bdf0-687abf26b4b8,13940 Sommers Junction,New York City,NY,10060
Roger,Mazillius,rmazillius9u@msu.edu,d75e1f94-cc9a-4912-9e27-12f60e9dc546,0 Barby Court,Cincinnati,OH,45218
Jude,Tomasino,jtomasino9v@miibeian.gov.cn,62d035dc-2901-471b-94cd-6d290aad8ce1,5 Vera Alley,New York City,NY,10155
Arleta,McCrory,amccrory9w@jalbum.net,deb3c403-e162-422f-81fd-942d7ca330de,1 Hayes Hill,Tacoma,WA,98464
Morty,Kincey,mkincey9x@tinypic.com,ced7a05e-26bf-4ead-a701-9679891b46b5,37 Nevada Place,Reno,NV,89550
Gunar,Hinks,ghinks9y@howstuffworks.com,fffbaca9-00ff-482d-bfd4-c82de962f333,3 Prentice Court,Washington,DC,20099
Reese,McCaskell,rmccaskell9z@mysql.com,4cdfaccf-563e-455f-a512-a3d4ebb25c25,2 Morningstar Trail,Sparks,NV,89436
Feodora,Warbrick,fwarbricka0@goodreads.com,d50d15a4-dbac-478e-b7d4-7e467f4bbe23,63 Forest Run Parkway,Duluth,MN,55811
Terencio,Huddles,thuddlesa1@github.io,945c52dc-86a0-4768-8ef6-c77a0951a73e,67805 Reinke Avenue,Tulsa,OK,74156
Miriam,Lillicrap,mlillicrapa2@privacy.gov.au,7f2da6b7-479e-4b72-8a88-bac3872a2c75,93 Badeau Lane,Richmond,CA,94807
Emmeline,Kingett,ekingetta3@walmart.com,357b7661-82f0-440c-9bb3-28173d45b32d,61 Autumn Leaf Court,Philadelphia,PA,19184
Merrilee,Greeno,mgreenoa4@ca.gov,38739c34-18f7-4657-804f-e7dfcc89ea22,14018 Dayton Center,New Orleans,LA,70154
Clo,Colquit,ccolquita5@furl.net,522a04e6-23f8-4925-bd07-01d65bcbaac0,13979 Sachs Way,Fort Worth,TX,76115
Albertine,Dawtre,adawtrea6@spotify.com,08b4fe49-4f4b-49cd-89e9-38db6f4f35d5,18 Nevada Pass,Portland,OR,97255
Fleur,Fishbourne,ffishbournea7@shareasale.com,8fe76ede-b6a0-4a7d-992b-bbe85d8fd2b3,5 Loomis Hill,Washington,DC,20022
Maure,Grundell,mgrundella8@mediafire.com,24ad3498-df62-48eb-8311-3bd1b29b9b8d,791 Gina Lane,Richmond,VA,23277
Winne,Mithun,wmithuna9@accuweather.com,0f8f469f-2af2-48a7-9c00-b3d5746a1711,4 Gale Avenue,Evanston,IL,60208
Janean,Jedrzejewicz,jjedrzejewiczaa@networkadvertising.org,c3f4224b-d276-4270-8614-e14019cbe003,8790 Reinke Park,Jersey City,NJ,7310
Corilla,Alban,calbanab@delicious.com,cd598af5-832f-4257-906f-1ef3e14f7573,4384 Monument Trail,Charlotte,NC,28263
Katti,Lunt,kluntac@sina.com.cn,c67e1286-246a-4571-a6ae-0f94e1a91053,1676 Knutson Park,San Antonio,TX,78225
Robbin,O'Heyne,roheynead@hostgator.com,d8b7c29c-620f-4ce2-b8c9-72838cdfa393,898 Pennsylvania Street,Chicago,IL,60674
Elene,Giannassi,egiannassiae@friendfeed.com,1704b2de-43f9-4ce9-9a79-4e1b2215c89f,5837 Golf View Junction,El Paso,TX,88563
Lonny,Van Oort,lvanoortaf@mysql.com,2d43480a-2683-4c84-a183-44244f3fadba,82405 Bonner Drive,Idaho Falls,ID,83405
Darlene,Worrall,dworrallag@so-net.ne.jp,efe98fe3-bfc3-4f87-b849-93f6cebd66a3,2987 Susan Alley,Fort Smith,AR,72916
Felicia,Sessions,fsessionsah@intel.com,d06c6dbf-9760-43ce-84d1-afcfb57270c1,687 Grim Point,Wilmington,DE,19892
Zabrina,Brocket,zbrocketai@newsvine.com,eac0d652-1225-4161-b9a0-f4b53bb25986,4744 Texas Street,Oklahoma City,OK,73152
Vasili,Aulsford,vaulsfordaj@china.com.cn,ccae24e2-2aef-4174-97be-ee5d3dcd607a,90224 Golf Course Alley,El Paso,TX,88546
Levy,Tippler,ltipplerak@google.pl,dba27b07-6985-4a85-adff-ec5cfe54926f,5786 Shopko Street,Reading,PA,19610
Randy,Stickings,rstickingsal@dailymail.co.uk,8036792e-8c10-4a09-a6f7-7ff02950ee66,6564 Sauthoff Lane,New York City,NY,10009
Lorette,Ygo,lygoam@google.com.au,00a67e8c-8518-4752-b705-123e90d6a3b0,69 Kropf Road,Houston,TX,77075
Legra,Whannel,lwhannelan@stumbleupon.com,306b3800-6fb7-4ad7-a595-47fc258d1b9c,99350 Muir Plaza,Philadelphia,PA,19131
Clevie,Pesak,cpesakao@de.vu,97b0d973-5d5f-4234-999e-b14e9b930d01,72438 Luster Hill,Bakersfield,CA,93381
Sinclair,Messer,smesserap@va.gov,c3931609-620f-4272-8bdc-17c674c7b748,93 Lien Center,San Diego,CA,92196
Clio,Jindrak,cjindrakaq@yandex.ru,942c9270-09df-4093-b22d-61365f365d05,4427 Oak Valley Point,Mobile,AL,36641
Stefania,Lockner,slocknerar@biblegateway.com,5e2d3284-c627-4718-bb9a-51770d6b6abd,2 Monica Place,Richmond,VA,23225
Bowie,McKeller,bmckelleras@typepad.com,605bb533-d597-45d6-afa2-3b5a02767d00,6578 Eliot Pass,Aurora,CO,80015
Zandra,Starte,zstarteat@prnewswire.com,694eb285-1046-418e-89ce-c40d1b00c877,51 Oneill Plaza,Davenport,IA,52809
Lolita,Broadwood,lbroadwoodau@jigsy.com,37d61527-a9f3-4451-9a64-9b2e5fc6097b,162 Talisman Circle,Miami,FL,33180
Tuckie,Hindenberger,thindenbergerav@squidoo.com,9a0f5bea-9779-443b-beca-0d14cb5f3b70,086 Daystar Park,Indianapolis,IN,46202
Valry,Creaser,vcreaseraw@house.gov,029c02f7-26a7-4736-8d09-8571c148ef44,83604 Mcbride Park,Riverside,CA,92505
Sebastiano,Sertin,ssertinax@purevolume.com,e4a195e2-8c9e-4cfb-b213-82c402e7b68b,9568 Hallows Way,Vienna,VA,22184
Nickie,Joerning,njoerningay@psu.edu,00e6d44d-f15b-4559-b778-5c02dc84b326,7 West Alley,Houston,TX,77025
Sheffie,Jeanesson,sjeanessonaz@furl.net,18d7eb2d-484a-4e7e-be11-4249a32a0661,0631 Corben Drive,Sacramento,CA,95852
Tessy,Franz,tfranzb0@canalblog.com,0396dda1-8bff-4c14-b311-09100fa76576,0241 Karstens Place,Toledo,OH,43666
Claudell,Allans,callansb1@diigo.com,b0355579-45ae-4c02-a579-ca6f14f4fe78,607 Roth Street,San Diego,CA,92153
Krystle,Krabbe,kkrabbeb2@is.gd,6842eacd-4412-4270-ae15-207f9703132c,394 Golf Crossing,Huntington,WV,25705
Sacha,Rosling,sroslingb3@addthis.com,2aa2d09d-aa73-4aa6-b8d2-e8c7111330f5,0 East Avenue,Virginia Beach,VA,23471
Enoch,Jallin,ejallinb4@cbsnews.com,515b2f4d-1e7c-4863-a218-dc9fa7772c32,1290 Rowland Avenue,Des Moines,IA,50335
Lorine,Junifer,ljuniferb5@blinklist.com,d3805285-b05e-4b6c-a8b3-d0d05d92018a,56 Dennis Pass,San Diego,CA,92105
Cyrillus,Simukov,csimukovb6@oaic.gov.au,acf02db3-02ff-49cb-8e27-c2eebddbc3fe,3722 Corry Street,Maple Plain,MN,55579
Milissent,Bosman,mbosmanb7@angelfire.com,7ac09526-13cd-41a5-9ac3-447fcfd44fd3,49169 Ilene Circle,Vero Beach,FL,32964
Noell,Cainey,ncaineyb8@lulu.com,d20bcf97-84f5-4d87-9bf9-47b93c60fafb,47 Shoshone Avenue,Houston,TX,77201
Ralf,Pedrollo,rpedrollob9@usda.gov,f419bf86-07e2-400e-9d96-3f4e6be3cf80,7 Lighthouse Bay Junction,Fayetteville,NC,28305
Chere,Mitchelhill,cmitchelhillba@chronoengine.com,d8a2acfa-45ab-4fec-a42e-eaff166f6a6d,61 Division Trail,San Diego,CA,92121
Layton,Hecks,lhecksbb@twitter.com,ba8869df-3ed4-4f8f-af57-76c0f73efd79,9516 Red Cloud Park,Minneapolis,MN,55458
Birgit,Nortcliffe,bnortcliffebc@seattletimes.com,91785d47-c3ae-44c2-afb6-01f9604c8ac7,2 Anzinger Trail,Fredericksburg,VA,22405
Janetta,Lanktree,jlanktreebd@mozilla.com,a0eba21b-d892-456a-9ced-d0c8dc2f6cbe,68 Anthes Lane,Cleveland,OH,44197
Kinna,Brambill,kbrambillbe@is.gd,125ffd4f-f4a6-48d4-8226-ebd0063cca76,5 Menomonie Center,Jackson,MS,39216
Manfred,Yelland,myellandbf@weebly.com,80e4eba2-4f44-449b-8a7a-bc8522696498,63773 Crowley Drive,Spring,TX,77386
Dolores,Ecclestone,decclestonebg@senate.gov,83f1f381-5134-4e2d-91bf-7b66f5987eab,068 Heffernan Place,Reading,PA,19605
Charleen,Janota,cjanotabh@hc360.com,5f1ede76-dc44-4b38-9066-1bf89988079d,3 Ronald Regan Lane,Palmdale,CA,93591
Feliza,Bezley,fbezleybi@infoseek.co.jp,3516b50c-cb1b-48bd-b25a-01677653ed02,9871 Charing Cross Lane,Phoenix,AZ,85045
Donny,Ruspine,druspinebj@si.edu,9297ff10-c8b4-459f-9f75-57e732118265,54 Trailsway Court,Honolulu,HI,96845
Izaak,Perri,iperribk@google.es,1ca5cb83-0453-478e-b211-c36b54c63edc,19789 Spohn Center,Grand Rapids,MI,49518
Keen,Andras,kandrasbl@rediff.com,d148f20d-96c0-491e-ad97-cae72b9603d0,5 Esker Hill,Lawrenceville,GA,30045
Lorine,Risbie,lrisbiebm@mail.ru,f02b28bd-f6e5-4a32-bf38-7ec196f795b7,72336 Reinke Trail,North Hollywood,CA,91616
Granthem,Jeduch,gjeduchbn@a8.net,428c75fa-0877-4add-b880-5ea95dd69e7c,38 Marquette Terrace,Austin,TX,78703
Travis,Voice,tvoicebo@360.cn,1c477c98-381d-466f-802c-8d7e90cc7f04,3540 Sullivan Alley,Houston,TX,77218
Daron,Barreau,dbarreaubp@youku.com,99e36d67-b7e0-4c93-a151-a2a5f1895912,51818 Mcguire Plaza,Inglewood,CA,90305
Tommy,Tender,ttenderbq@mozilla.org,34714c08-8b36-4afc-9df8-ed3c56390107,189 Bobwhite Drive,Stamford,CT,6912
Wally,Boles,wbolesbr@admin.ch,71d34b91-a7b6-4ab2-993f-d2f75e711287,11964 Stang Plaza,Bronx,NY,10459
Kathy,Job,kjobbs@deviantart.com,d9704410-3fa8-48bf-b8ae-5dc8491600be,6 Emmet Center,Newport News,VA,23605
Marina,Ferronet,mferronetbt@g.co,a85a65c2-a407-49f0-b696-5a75841816ba,450 Hauk Center,New York City,NY,10029
Jennifer,Quantrill,jquantrillbu@sun.com,3a171d7c-b654-4eff-9cf3-b6805b1957a2,2 Stoughton Hill,Spartanburg,SC,29319
Denys,Bergeau,dbergeaubv@prnewswire.com,69b1442f-8201-4969-b8f0-ef7423349d4f,13165 Kropf Circle,Boston,MA,2109
Theodore,Sexty,tsextybw@technorati.com,0ca505ca-b0b4-49c5-ab00-eb04f38a216c,17 Oak Circle,Norfolk,VA,23514
Melvin,Trew,mtrewbx@friendfeed.com,09cc76a8-5e22-402f-80f9-de72bd709b4e,65 Mosinee Plaza,San Antonio,TX,78230
Eirena,Ubach,eubachby@paginegialle.it,fe4ed6eb-d0ef-4dd1-afbd-347d27d488ce,260 Fair Oaks Park,Miami,FL,33134
Emili,Pridgeon,epridgeonbz@slate.com,4b4d1244-ac8f-4729-8a2f-4123bab030da,037 Oak Valley Court,Wilmington,NC,28405
Raven,Fridaye,rfridayec0@e-recht24.de,4e2f7d04-244c-4030-9645-ac218aac1148,9 Loomis Junction,Huntington,WV,25716
Ashli,Duignan,aduignanc1@com.com,d4dd655e-28fc-49bc-9dc5-478d27676f1e,83254 Arapahoe Park,Long Beach,CA,90847
Walliw,Loisi,wloisic2@auda.org.au,a5e1bf3b-4088-4ad4-968c-76fb753ea366,247 Park Meadow Parkway,Clearwater,FL,34629
Twyla,Grandham,tgrandhamc3@bravesites.com,a4f96c27-5c9b-4c05-9d1a-7402aa2b8d5d,765 Rusk Park,Huntsville,AL,35805
Marcela,Bonsale,mbonsalec4@xinhuanet.com,ce519f3e-99e7-471f-90a9-3a2cb9367b6c,59 Russell Avenue,Portsmouth,VA,23705
Sibeal,Seif,sseifc5@cafepress.com,647ed0b2-d94d-4f75-8361-3f122c13f9da,169 Schmedeman Pass,South Bend,IN,46634
Jeannette,Fairbairn,jfairbairnc6@dailymotion.com,bf439976-26da-4ef2-aacc-79a82977b930,23 Talmadge Lane,Springfield,IL,62794
Margo,Paolicchi,mpaolicchic7@mozilla.org,c8fded3d-bc8f-4959-9c05-0204e9dcf991,50811 Bonner Terrace,Washington,DC,20226
Bryce,Edling,bedlingc8@gravatar.com,87309c50-9382-4630-a051-9989c7367fdc,951 Vera Point,Conroe,TX,77305
Oralla,Bartrap,obartrapc9@nih.gov,9925e943-d044-4c26-bb15-fd5d85c475a7,0555 Mcguire Pass,Dallas,TX,75260
Jenelle,Probets,jprobetsca@php.net,a0a78662-ce1f-4813-b306-4e9ef043510a,1772 Mosinee Alley,Columbus,OH,43231
Rolando,Daynter,rdayntercb@nps.gov,78ee566d-b48c-4562-8a67-627430ccd9a5,40157 Blaine Circle,Dallas,TX,75287
Fanny,Zima,fzimacc@soundcloud.com,97c3a179-f68b-4b5d-b5cf-1d3592c708cf,902 Northport Junction,Herndon,VA,22070
Reece,Tomsen,rtomsencd@shareasale.com,a3524834-4baf-4b6e-914d-f30c827a5f1b,0720 Dorton Lane,Columbia,MO,65218
Allard,Tringham,atringhamce@telegraph.co.uk,6a83cea0-a22d-46dd-9718-2c5ed8333bb7,49 Buell Road,Beaumont,TX,77705
Dex,Kell,dkellcf@youtube.com,2812350c-c472-4934-8264-177ba225f629,878 Crownhardt Street,Cincinnati,OH,45233
Dukie,Heymes,dheymescg@prlog.org,ed8c6abc-5ff6-454e-9058-6ea074db94a7,642 Basil Park,San Antonio,TX,78291
Fionnula,Knyvett,fknyvettch@blogger.com,2ddec520-3724-4eba-99f0-7ea343fc3dd0,481 Thierer Crossing,Miami,FL,33283
Lilyan,Kensley,lkensleyci@sphinn.com,7184d2c6-f41c-4d88-8ad4-6370e6cea8c9,878 Melvin Terrace,Glendale,CA,91205
Earlie,Peascod,epeascodcj@indiegogo.com,7b758eab-ba51-47c7-8fad-5baa87cd989b,84828 Lotheville Pass,White Plains,NY,10633
Lilli,Lissandre,llissandreck@g.co,80f30ced-20d0-4c8f-a871-031298675f36,28815 Holmberg Avenue,Jackson,MS,39296
Derry,Lotterington,dlotteringtoncl@mail.ru,c0b672f6-aabd-4da3-9981-cd58e59ce118,6951 Kingsford Terrace,Denver,CO,80255
Aleksandr,Tonbye,atonbyecm@illinois.edu,cf4a2b82-0add-4119-8066-2d393dac74c8,07 School Circle,Fargo,ND,58122
Daren,Shewring,dshewringcn@senate.gov,2bc7da12-4a58-429d-8e18-add06d116218,42 Bunting Road,El Paso,TX,88574
Carleton,Fiennes,cfiennesco@nydailynews.com,c69aae03-86b8-490f-905c-ad02ab5d8001,44329 Mendota Drive,Columbia,SC,29220
Wilma,Normandale,wnormandalecp@usgs.gov,4f4d2ca7-7ddb-4204-a46a-c2d77b8da9b4,19343 Westend Way,El Paso,TX,88541
Mallory,Ruff,mruffcq@usa.gov,9a493f57-1c77-4bf5-a5a8-d4ffe6dc3dc2,0141 Sunbrook Park,Dallas,TX,75342
Knox,Torricina,ktorricinacr@disqus.com,48e16775-76fa-4312-afa4-1c86d1b048ac,7 Milwaukee Drive,Baltimore,MD,21216
Ralf,Lyst,rlystcs@rakuten.co.jp,4fabe08c-5be9-4ca2-b487-adbce9afbd33,004 Lighthouse Bay Road,Mobile,AL,36689
Kaycee,Scotti,kscottict@tumblr.com,0e4111df-5383-4d56-8134-81e6199a3f2f,95676 Surrey Center,Shawnee Mission,KS,66210
Loreen,Hoy,lhoycu@scribd.com,6af37592-f393-406e-a3bc-8254a0dc8878,829 Eagan Terrace,Knoxville,TN,37931
Corabel,Sayton,csaytoncv@samsung.com,ac9a9361-38e3-4246-a247-60cbb69331f6,03 Monument Crossing,Fort Lauderdale,FL,33310
Todd,Winterborne,twinterbornecw@vistaprint.com,99d97733-90f9-4b56-979d-bccef84940f4,40 Buell Drive,Tallahassee,FL,32314
Charo,Round,croundcx@friendfeed.com,2314b934-011e-46de-bdd6-927ee0285193,21 Esch Point,San Antonio,TX,78285
Janos,Stodd,jstoddcy@paypal.com,f279da32-c923-4cf1-888b-c5f2b9304946,99 Laurel Center,Denver,CO,80279
Hugo,Skelbeck,hskelbeckcz@nasa.gov,ad6be254-af6d-4030-b675-37404a6e49a9,245 Fairfield Plaza,Greensboro,NC,27425
Jane,Scapens,jscapensd0@ftc.gov,45104244-e78a-4ae5-92ec-8f2cb2346644,6 Wayridge Road,Lansing,MI,48930
Mignonne,Aynsley,maynsleyd1@cbc.ca,39d6acda-5dcb-4742-9103-b816ec525858,31 Elgar Avenue,Evansville,IN,47732
Teresita,Corney,tcorneyd2@harvard.edu,cb8ea615-c860-4d72-9d9c-194824d81414,669 Hooker Drive,Charlotte,NC,28289
Bryanty,Wagge,bwagged3@tripadvisor.com,6376051b-9ded-408d-b5a5-f34a27209b5a,7089 Old Shore Junction,Minneapolis,MN,55487
Gottfried,Gamblin,ggamblind4@mail.ru,868f51ef-8c5f-46fe-90c2-acabc2ff473e,41 Spohn Place,Palmdale,CA,93591
Alec,Rawsthorne,arawsthorned5@cmu.edu,4cf47c75-2969-40c6-8c72-bfb388d94e31,0 Sheridan Junction,Montgomery,AL,36104
Hildagarde,Frise,hfrised6@istockphoto.com,05d8f00e-a750-47a4-b550-268ea307c828,55 Fordem Crossing,Orange,CA,92668
Lily,Rallings,lrallingsd7@techcrunch.com,10c77559-8d17-4c78-868a-c94e8b8b9e6f,62157 Petterle Lane,Nashville,TN,37245
Berti,Maunton,bmauntond8@jiathis.com,b135822a-2f2c-4c46-adc9-8f85f3ea7a6e,85671 Jana Crossing,Bonita Springs,FL,34135
Lea,Arnowitz,larnowitzd9@indiegogo.com,e0ff0385-e6e2-4850-afa3-62ca6ff0958d,63 Sachs Hill,Birmingham,AL,35290
Liva,Brotherheed,lbrotherheedda@constantcontact.com,eb4c0e40-4644-4bb0-a203-d65eb29c1d5c,94475 Mesta Circle,San Diego,CA,92196
Elliott,Meachan,emeachandb@harvard.edu,a1198131-8d14-44fe-93d0-9e0b35064650,5487 Loftsgordon Junction,Dallas,TX,75221
Hedy,Cranke,hcrankedc@reverbnation.com,c024a2fb-0529-4d3e-9a8c-8245170dad99,3389 Pierstorff Parkway,Arlington,VA,22234
Elli,Echelle,eechelledd@shinystat.com,90b9987c-0b6f-455c-aae7-6dfe5b67fb07,7 Gateway Crossing,Fort Lauderdale,FL,33325
Wallie,Kneale,wknealede@pcworld.com,044d0e8c-bc2c-4e15-9647-e9bf42a6f74f,06 Fisk Street,Birmingham,AL,35236
Dmitri,Luscott,dluscottdf@istockphoto.com,32275f13-11c2-48ac-a025-609489b28e9c,2899 3rd Street,Bakersfield,CA,93381
Darline,Speck,dspeckdg@youtu.be,1d528bbd-39fe-4dcc-bd1e-370fd4568a66,6 Kennedy Center,Pensacola,FL,32520
Rosamond,O' Mullane,romullanedh@businessweek.com,91a6d948-f6e3-4011-9392-d3f6dedd355d,54262 Hauk Center,Houston,TX,77050
Allister,Glidden,agliddendi@hugedomains.com,461f45fc-e161-414c-bbe4-b651d18899f7,09498 Burrows Lane,Concord,CA,94522
Tatiana,Thomassin,tthomassindj@theatlantic.com,e821bec0-19fd-4689-9b11-bd2c172c3d3c,561 Caliangt Parkway,Little Rock,AR,72215
Van,Trower,vtrowerdk@homestead.com,18bed6dd-0b84-4d0f-9706-c4daf58e8756,1 Red Cloud Court,Atlanta,GA,30323
Pippy,Bissatt,pbissattdl@opensource.org,25a113f1-e5a0-45fe-95d7-71d9f7a5a5e7,972 Oak Valley Crossing,Chicago,IL,60624
Eleonora,Mansion,emansiondm@ameblo.jp,5a92f8af-03ec-46c4-a1f7-9e2c0c655f5f,087 Old Shore Way,Tulsa,OK,74126
Kaia,Reddy,kreddydn@ed.gov,992905ac-8d5a-401c-9093-016c293b9ad5,57995 Marcy Center,Asheville,NC,28815
Heywood,Lattin,hlattindo@comsenz.com,d2aba1db-e0da-493a-aeaf-062578294c0e,739 Menomonie Trail,Carol Stream,IL,60158
Minnaminnie,Harber,mharberdp@fc2.com,dc100c80-868a-46b2-a4e3-8c3e9e726cc5,80741 Di Loreto Road,Fayetteville,NC,28314
Joey,Shillington,jshillingtondq@virginia.edu,27bc0b78-7cfa-447d-b442-44b37083be9b,827 Anthes Alley,Providence,RI,2905
Sutherlan,Guthrum,sguthrumdr@facebook.com,0460550d-ec9c-4419-9799-64c2f6d689f9,634 Arrowood Parkway,Baltimore,MD,21211
Rolando,Swarbrick,rswarbrickds@earthlink.net,206527b5-d996-4850-b19c-f2967bb44b59,8 Fulton Parkway,Houston,TX,77050
Myron,Gilliatt,mgilliattdt@wunderground.com,ef42d205-1f28-4659-b065-4b2de3d7f2cc,6 Parkside Parkway,Worcester,MA,1605
Herve,Itzkovsky,hitzkovskydu@answers.com,e0635b8f-c051-4a70-8e8b-b47c29d2ba7f,5 Green Ridge Point,Trenton,NJ,8608
